login,url,name
Ravionf,https://github.com/Ravionf/code1161base.git,code1161base
marcoscamara,https://github.com/marcoscamara/code1161base.git,code1161base
Thuvab,https://github.com/Thuvab/code1161base.git,code1161base
Linseed813,https://github.com/Linseed813/code1161base.git,code1161base
hannahlazenby,https://github.com/hannahlazenby/code1161base.git,code1161base
alexlewis20,https://github.com/alexlewis20/code1161base.git,code1161base
Xavier1987,https://github.com/Xavier1987/code1161base.git,code1161base
Shawnee7,https://github.com/Shawnee7/code1161base.git,code1161base
mattwalden014,https://github.com/mattwalden014/code1161base.git,code1161base
RichardWhitfield,https://github.com/RichardWhitfield/code1161base.git,code1161base
HarleyT,https://github.com/HarleyT/code1161base.git,code1161base
bvn-architecture,https://github.com/bvn-architecture/code1161benFork.git,code1161benFork
AlbertOcto,https://github.com/AlbertOcto/code1161Octo.git,code1161Octo
JoeSiThu,https://github.com/JoeSiThu/code1161base.git,code1161base
unswstudentlachlanbrown,https://github.com/unswstudentlachlanbrown/code1161base.git,code1161base
lorniashi,https://github.com/lorniashi/code1161base.git,code1161base
addycap,https://github.com/addycap/Code1161.git,Code1161
ChanDarrell,https://github.com/ChanDarrell/code1161base.git,code1161base
DanielHeh,https://github.com/DanielHeh/code1161base.git,code1161base
charlottecui,https://github.com/charlottecui/code1161base.git,code1161base
JoshuaCoady,https://github.com/JoshuaCoady/code1161base.git,code1161base
FlimEden,https://github.com/FlimEden/code1161base.git,code1161base
lisadoan98,https://github.com/lisadoan98/code1161base.git,code1161base
joseangelodiaz,https://github.com/joseangelodiaz/code1161base.git,code1161base
AndrewSong487,https://github.com/AndrewSong487/code1161base.git,code1161base
wukaicharlott,https://github.com/wukaicharlott/code1161base.git,code1161base
sbojceska,https://github.com/sbojceska/code1161base.git,code1161base
YuncongLiu,https://github.com/YuncongLiu/code1161base.git,code1161base
zingjanet,https://github.com/zingjanet/code1161base.git,code1161base
Caroline120248,https://github.com/Caroline120248/code1161base.git,code1161base
JayChen-UNSW,https://github.com/JayChen-UNSW/code1161base.git,code1161base
kmatthews25,https://github.com/kmatthews25/code1161base.git,code1161base
nbluc,https://github.com/nbluc/code1161base.git,code1161base
esky3759,https://github.com/esky3759/code1161base.git,code1161base
dbisazza,https://github.com/dbisazza/code1161base.git,code1161base
cathyvu,https://github.com/cathyvu/cathyvu.git,cathyvu
annisarivera,https://github.com/annisarivera/code1161base.git,code1161base
MatthewMcElroy,https://github.com/MatthewMcElroy/code1161base.git,code1161base
Eilrahccc,https://github.com/Eilrahccc/code1161base.git,code1161base
EthanGonzaga,https://github.com/EthanGonzaga/code1161base.git,code1161base
Rizo007,https://github.com/Rizo007/code1161base.git,code1161base
872815554,https://github.com/872815554/code1161base.git,code1161base
timtamtinyman999,https://github.com/timtamtinyman999/code1161base.git,code1161base
OneMoreN,https://github.com/OneMoreN/code1161base.git,code1161base
tomwyb,https://github.com/tomwyb/code1161base.git,code1161base
matthewpoytress,https://github.com/matthewpoytress/code1161base.git,code1161base
BaptisteHiggs,https://github.com/BaptisteHiggs/code1161base.git,code1161base
sheldakristie,https://github.com/sheldakristie/code1161base.git,code1161base
JamesBui98,https://github.com/JamesBui98/code1161base.git,code1161base
AkisukeY,https://github.com/AkisukeY/code1161.git,code1161
Jeyreymey,https://github.com/Jeyreymey/code1161base.git,code1161base
Matchalism,https://github.com/Matchalism/code1161base.git,code1161base
liumuyang040431,https://github.com/liumuyang040431/code1161base.git,code1161base
NavkaranVirdi,https://github.com/NavkaranVirdi/code1161base.git,code1161base
sherry0303,https://github.com/sherry0303/code1161base.git,code1161base
Chidzzy,https://github.com/Chidzzy/code1161base.git,code1161base
willbackman,https://github.com/willbackman/code1161base.git,code1161base
sudassana,https://github.com/sudassana/code1161base.git,code1161base
pennypangCODE,https://github.com/pennypangCODE/code1161base.git,code1161base
Charith9,https://github.com/Charith9/code1161base.git,code1161base
wilham7,https://github.com/wilham7/code1161base.git,code1161base
AlainChen,https://github.com/AlainChen/code1161base.git,code1161base
RangoRay,https://github.com/RangoRay/code1161base.git,code1161base
TerryAg,https://github.com/TerryAg/code1161.git,code1161
Sunsadymark,https://github.com/Sunsadymark/code1161base.git,code1161base
DarkPurple141,https://github.com/DarkPurple141/code1161base.git,code1161base
atiredturtle,https://github.com/atiredturtle/code1161base.git,code1161base
alanw410,https://github.com/alanw410/code1161.git,code1161
ishaanv,https://github.com/ishaanv/code1161base.git,code1161base
AidenRay,https://github.com/AidenRay/code1161Aiden.git,code1161Aiden
